<background>
  <starttime>
    <year>2009</year>
    <month>08</month>
    <day>04</day>
    <hour>00</hour>
    <minute>00</minute>
    <second>00</second>
  </starttime>
<!-- This animation will start at midnight. -->
  <static>
    <duration>1795.0</duration>
    <file>/usr/share/backgrounds/cosmos/cloud.jpg</file>
  </static>
  <transition>
    <duration>5.0</duration>
    <from>/usr/share/backgrounds/cosmos/cloud.jpg</from>
    <to>/usr/share/backgrounds/cosmos/comet.jpg</to>
  </transition>
  <static>
    <duration>1795.0</duration>
    <file>/usr/share/backgrounds/cosmos/comet.jpg</file>
  </static>
  <transition>
    <duration>5.0</duration>
    <from>/usr/share/backgrounds/cosmos/comet.jpg</from>
    <to>/usr/share/backgrounds/cosmos/earth-horizon.jpg</to>
  </transition>
  <static>
    <duration>1795.0</duration>
    <file>/usr/share/backgrounds/cosmos/earth-horizon.jpg</file>
  </static>
  <transition>
    <duration>5.0</duration>
    <from>/usr/share/backgrounds/cosmos/earth-horizon.jpg</from>
    <to>/usr/share/backgrounds/cosmos/blue-marble-west.jpg</to>
  </transition>
  <static>
    <duration>1795.0</duration>
    <file>/usr/share/backgrounds/cosmos/blue-marble-west.jpg</file>
  </static>
  <transition>
    <duration>5.0</duration>
    <from>/usr/share/backgrounds/cosmos/blue-marble-west.jpg</from>
    <to>/usr/share/backgrounds/cosmos/galaxy-ngc3370.jpg</to>
  </transition>
  <static>
    <duration>1795.0</duration>
    <file>/usr/share/backgrounds/cosmos/galaxy-ngc3370.jpg</file>
  </static>
  <transition>
    <duration>5.0</duration>
    <from>/usr/share/backgrounds/cosmos/galaxy-ngc3370.jpg</from>
    <to>/usr/share/backgrounds/cosmos/helix-nebula.jpg</to>
  </transition>
  <static>
    <duration>1795.0</duration>
    <file>/usr/share/backgrounds/cosmos/helix-nebula.jpg</file>
  </static>
  <transition>
    <duration>5.0</duration>
    <from>/usr/share/backgrounds/cosmos/helix-nebula.jpg</from>
    <to>/usr/share/backgrounds/cosmos/jupiter.jpg</to>
  </transition>
  <static>
    <duration>1795.0</duration>
    <file>/usr/share/backgrounds/cosmos/jupiter.jpg</file>
  </static>
  <transition>
    <duration>5.0</duration>
    <from>/usr/share/backgrounds/cosmos/jupiter.jpg</from>
    <to>/usr/share/backgrounds/cosmos/sombrero.jpg</to>
  </transition>
  <static>
    <duration>1795.0</duration>
    <file>/usr/share/backgrounds/cosmos/sombrero.jpg</file>
  </static>
  <transition>
    <duration>5.0</duration>
    <from>/usr/share/backgrounds/cosmos/sombrero.jpg</from>
    <to>/usr/share/backgrounds/cosmos/whirlpool.jpg</to>
  </transition>
  <static>
    <duration>1795.0</duration>
    <file>/usr/share/backgrounds/cosmos/whirlpool.jpg</file>
  </static>
  <transition>
    <duration>5.0</duration>
    <from>/usr/share/backgrounds/cosmos/whirlpool.jpg</from>
    <to>/usr/share/backgrounds/cosmos/cloud.jpg</to>
  </transition>
</background>
